X,Y,objectid,pcd,pcd2,pcds,dointr,doterm,usertype,oseast1m,osnrth1m,osgrdind,oa11,cty,laua,ward,hlthau,ctry,pcon,eer,teclec,ttwa,pct,nuts,park,lsoa11,msoa11,wz11,ccg,bua11,buasd11,ru11ind,oac11,lat,long,lep1,lep2,pfa,imd,ced,nhser,rgn,calncv,stp
-2.073663352,57.137910297836441,1001,AB1 3QF,AB1  3QF,AB1 3QF,198001,199606,0,395641,0805227,1,S00089106,S99999999,S12000033,S13002846,S08000020,S92000003,S14000002,S15000001,S09000001,S22000047,S03000012,S31000943,S99999999,S01006631,S02001258,S34003038,S03000012,S99999999,S99999999,1,7A1,57.137926,-2.073655,S99999999,S99999999,S23000009,1497,S99999999,S99999999,S99999999,S99999999,S99999999
-2.078354213,57.137305553840392,1002,AB1 3QH,AB1  3QH,AB1 3QH,198001,199606,0,395357,0805160,1,S00089104,S99999999,S12000033,S13002846,S08000020,S92000003,S14000002,S15000001,S09000001,S22000047,S03000012,S31000943,S99999999,S01006627,S02001257,S34003083,S03000012,S99999999,S99999999,1,7B3,57.137321,-2.078346,S99999999,S99999999,S23000009,1343,S99999999,S99999999,S99999999,S99999999,S99999999
-2.079229802,57.137287030457713,1003,AB1 3QJ,AB1  3QJ,AB1 3QJ,198001,199606,0,395304,0805158,1,S00089104,S99999999,S12000033,S13002846,S08000020,S92000003,S14000002,S15000001,S09000001,S22000047,S03000012,S31000943,S99999999,S01006627,S02001257,S34003083,S03000012,S99999999,S99999999,1,7B3,57.137303,-2.079222,S99999999,S99999999,S23000009,1343,S99999999,S99999999,S99999999,S99999999,S99999999
-2.080453522,57.137825222154405,1004,AB1 3QL,AB1  3QL,AB1 3QL,198001,199606,0,395230,0805218,1,S00090590,S99999999,S12000033,S13002846,S08000020,S92000003,S14000002,S15000001,S09000001,S22000047,S03000012,S31000943,S99999999,S01006627,S02001257,S34003083,S03000012,S99999999,S99999999,1,3C2,57.137841,-2.080446,S99999999,S99999999,S23000009,1343,S99999999,S99999999,S99999999,S99999999,S99999999
-2.080287065,57.137241434239833,1005,AB1 3QN,AB1  3QN,AB1 3QN,198001,199606,0,395240,0805153,1,S00090590,S99999999,S12000033,S13002846,S08000020,S92000003,S14000002,S15000001,S09000001,S22000047,S03000012,S31000943,S99999999,S01006627,S02001257,S34003083,S03000012,S99999999,S99999999,1,3C2,57.137257,-2.080279,S99999999,S99999999,S23000009,1343,S99999999,S99999999,S99999999,S99999999,S99999999
-2.080502014,57.137322141806692,1006,AB1 3QP,AB1  3QP,AB1 3QP,198001,199606,0,395227,0805162,1,S00090590,S99999999,S12000033,S13002846,S08000020,S92000003,S14000002,S15000001,S09000001,S22000047,S03000012,S31000943,S99999999,S01006627,S02001257,S34003083,S03000012,S99999999,S99999999,1,3C2,57.137338,-2.080494,S99999999,S99999999,S23000009,1343,S99999999,S99999999,S99999999,S99999999,S99999999
-2.084682838,57.13774155548095,1007,AB1 3QQ,AB1  3QQ,AB1 3QQ,198001,199606,0,394974,0805209,1,S00090590,S99999999,S12000033,S13002846,S08000020,S92000003,S14000002,S15000001,S09000001,S22000047,S03000012,S31000943,S99999999,S01006627,S02001257,S34003083,S03000012,S99999999,S99999999,1,3C2,57.137757,-2.084675,S99999999,S99999999,S23000009,1343,S99999999,S99999999,S99999999,S99999999,S99999999
-2.077198075,57.13747695771756,1008,AB1 3QR,AB1  3QR,AB1 3QR,199402,199606,0,395427,0805179,3,S00089104,S99999999,S12000033,S13002846,S08000020,S92000003,S14000002,S15000001,S09000001,S22000047,S03000012,S31000943,S99999999,S01006627,S02001257,S34003083,S03000012,S99999999,S99999999,1,7B3,57.137493,-2.07719,S99999999,S99999999,S23000009,1343,S99999999,S99999999,S99999999,S99999999,S99999999
-2.067732488,57.138120298032568,1009,AB1 3QS,AB1  3QS,AB1 3QS,197308,197612,0,396000,0805250,8,S00089108,S99999999,S12000033,S13002846,S08000020,S92000003,S14000002,S15000001,S09000001,S22000047,S03000012,S31000944,S99999999,S01006631,S02001258,S34003038,S03000012,S99999999,S99999999,1,7B1,57.138136,-2.067724,S99999999,S99999999,S23000009,1497,S99999999,S99999999,S99999999,S99999999,S99999999
-2.067732327,57.138030467936311,1010,AB1 3QT,AB1  3QT,AB1 3QT,198001,199606,0,396000,0805240,8,S00089108,S99999999,S12000033,S13002846,S08000020,S92000003,S14000002,S15000001,S09000001,S22000047,S03000012,S31000944,S99999999,S01006631,S02001258,S34003038,S03000012,S99999999,S99999999,1,7B1,57.138046,-2.067724,S99999999,S99999999,S23000009,1497,S99999999,S99999999,S99999999,S99999999,S99999999
-2.067732649,57.138210128127525,1011,AB1 3QU,AB1  3QU,AB1 3QU,197308,197606,0,396000,0805260,8,S00089108,S99999999,S12000033,S13002846,S08000020,S92000003,S14000002,S15000001,S09000001,S22000047,S03000012,S31000944,S99999999,S01006631,S02001258,S34003038,S03000012,S99999999,S99999999,1,7B1,57.138226,-2.067724,S99999999,S99999999,S23000009,1497,S99999999,S99999999,S99999999,S99999999,S99999999
-2.048898544,57.138937621292442,1012,AB1 3QX,AB1  3QX,AB1 3QX,199512,199512,0,397140,0805340,8,S00089108,S99999999,S12000033,S13002846,S08000020,S92000003,S14000002,S15000001,S09000001,S22000047,S03000012,S31000944,S99999999,S01006631,S02001258,S34003038,S03000012,S99999999,S99999999,1,7B1,57.138953,-2.04889,S99999999,S99999999,S23000009,1497,S99999999,S99999999,S99999999,S99999999,S99999999
-2.062446672,57.138841709366623,1013,AB1 3QY,AB1  3QY,AB1 3QY,198001,199606,0,396320,0805330,8,S00089108,S99999999,S12000033,S13002846,S08000020,S92000003,S14000002,S15000001,S09000001,S22000047,S03000012,S31000944,S99999999,S01006631,S02001258,S34003038,S03000012,S99999999,S99999999,1,7B1,57.138857,-2.062438,S99999999,S99999999,S23000009,1497,S99999999,S99999999,S99999999,S99999999,S99999999
-2.07021174,57.138657896824967,1014,AB1 3RA,AB1  3RA,AB1 3RA,198001,199606,0,395850,0805310,8,S00089109,S99999999,S12000033,S13002846,S08000020,S92000003,S14000002,S15000001,S09000001,S22000047,S03000012,S31000943,S99999999,S01006631,S02001258,S34002996,S03000012,S99999999,S99999999,1,3C2,57.138673,-2.070203,S99999999,S99999999,S23000009,1497,S99999999,S99999999,S99999999,S99999999,S99999999
-2.070840126,57.138953977743896,1015,AB1 3RB,AB1  3RB,AB1 3RB,198001,199606,0,395812,0805343,1,S00089109,S99999999,S12000033,S13002846,S08000020,S92000003,S14000002,S15000001,S09000001,S22000047,S03000012,S31000943,S99999999,S01006631,S02001258,S34002996,S03000012,S99999999,S99999999,1,3C2,57.138969,-2.070832,S99999999,S99999999,S23000009,1497,S99999999,S99999999,S99999999,S99999999,S99999999
-2.073104489,57.139392827081494,1016,AB1 3RD,AB1  3RD,AB1 3RD,198001,199606,0,395675,0805392,1,S00089106,S99999999,S12000033,S13002846,S08000020,S92000003,S14000002,S15000001,S09000001,S22000047,S03000012,S31000943,S99999999,S01006631,S02001258,S34003038,S03000012,S99999999,S99999999,1,7A1,57.139408,-2.073096,S99999999,S99999999,S23000009,1497,S99999999,S99999999,S99999999,S99999999,S99999999
-2.082571755,57.131868087253444,1017,AB1 3RE,AB1  3RE,AB1 3RE,198001,199606,0,395101,0804555,1,S00089041,S99999999,S12000033,S13002846,S08000020,S92000003,S14000002,S15000001,S09000001,S22000047,S03000012,S31000944,S99999999,S01006629,S02001257,S34003135,S03000012,S99999999,S99999999,1,7D3,57.131884,-2.082564,S99999999,S99999999,S23000009,1283,S99999999,S99999999,S99999999,S99999999,S99999999
-2.072668295,57.135952588636364,1018,AB1 3RG,AB1  3RG,AB1 3RG,198001,199606,0,395701,0805009,1,S00089114,S99999999,S12000033,S13002846,S08000020,S92000003,S14000002,S15000001,S09000001,S22000047,S03000012,S31000944,S99999999,S01006631,S02001258,S34003116,S03000012,S99999999,S99999999,1,7C2,57.135968,-2.07266,S99999999,S99999999,S23000009,1497,S99999999,S99999999,S99999999,S99999999,S99999999
-2.08037607,57.13248935957872,1019,AB1 3RH,AB1  3RH,AB1 3RH,198001,199606,0,395234,0804624,1,S00089088,S99999999,S12000033,S13002846,S08000020,S92000003,S14000002,S15000001,S09000001,S22000047,S03000012,S31000944,S99999999,S01006633,S02001258,S34003135,S03000012,S99999999,S99999999,1,7A1,57.132505,-2.080368,S99999999,S99999999,S23000009,1122,S99999999,S99999999,S99999999,S99999999,S99999999
-2.079039133,57.133020218420036,1020,AB1 3RJ,AB1  3RJ,AB1 3RJ,198001,199606,0,395315,0804683,1,S00089089,S99999999,S12000033,S13002846,S08000020,S92000003,S14000002,S15000001,S09000001,S22000047,S03000012,S31000944,S99999999,S01006635,S02001258,S34003135,S03000012,S99999999,S99999999,1,7A3,57.133036,-2.079031,S99999999,S99999999,S23000009,2055,S99999999,S99999999,S99999999,S99999999,S99999999
-2.077834702,57.13373962325641,1021,AB1 3RL,AB1  3RL,AB1 3RL,198001,199606,0,395388,0804763,1,S00089089,S99999999,S12000033,S13002846,S08000020,S92000003,S14000002,S15000001,S09000001,S22000047,S03000012,S31000944,S99999999,S01006635,S02001258,S34003135,S03000012,S99999999,S99999999,1,7A3,57.133755,-2.077826,S99999999,S99999999,S23000009,2055,S99999999,S99999999,S99999999,S99999999,S99999999
-2.07549092,57.134747173464156,1022,AB1 3RN,AB1  3RN,AB1 3RN,198001,199606,0,395530,0804875,1,S00089095,S99999999,S12000033,S13002846,S08000020,S92000003,S14000002,S15000001,S09000001,S22000047,S03000012,S31000944,S99999999,S01006635,S02001258,S34003142,S03000012,S99999999,S99999999,1,7B1,57.134763,-2.075483,S99999999,S99999999,S23000009,2055,S99999999,S99999999,S99999999,S99999999,S99999999
-2.072783109,57.135521336152003,1023,AB1 3RP,AB1  3RP,AB1 3RP,198001,199606,0,395694,0804961,1,S00089096,S99999999,S12000033,S13002846,S08000020,S92000003,S14000002,S15000001,S09000001,S22000047,S03000012,S31000944,S99999999,S01006634,S02001258,S34003142,S03000012,S99999999,S99999999,1,7A1,57.135537,-2.072775,S99999999,S99999999,S23000009,500,S99999999,S99999999,S99999999,S99999999,S99999999
-2.072123131,57.135961890850098,1024,AB1 3RQ,AB1  3RQ,AB1 3RQ,198001,199606,0,395734,0805010,1,S00089114,S99999999,S12000033,S13002846,S08000020,S92000003,S14000002,S15000001,S09000001,S22000047,S03000012,S31000944,S99999999,S01006631,S02001258,S34003116,S03000012,S99999999,S99999999,1,7C2,57.135977,-2.072115,S99999999,S99999999,S23000009,1497,S99999999,S99999999,S99999999,S99999999,S99999999
-2.071594776,57.136123892299757,1025,AB1 3RR,AB1  3RR,AB1 3RR,198001,199606,0,395766,0805028,1,S00089114,S99999999,S12000033,S13002846,S08000020,S92000003,S14000002,S15000001,S09000001,S22000047,S03000012,S31000944,S99999999,S01006631,S02001258,S34003116,S03000012,S99999999,S99999999,1,7C2,57.136139,-2.071586,S99999999,S99999999,S23000009,1497,S99999999,S99999999,S99999999,S99999999,S99999999
-2.069811085,57.136421352256612,1026,AB1 3RS,AB1  3RS,AB1 3RS,198001,199606,0,395874,0805061,1,S00089110,S99999999,S12000033,S13002846,S08000020,S92000003,S14000002,S15000001,S09000001,S22000047,S03000012,S31000944,S99999999,S01006631,S02001258,S34003116,S03000012,S99999999,S99999999,1,7A1,57.136437,-2.069803,S99999999,S99999999,S23000009,1497,S99999999,S99999999,S99999999,S99999999,S99999999
-2.068522426,57.13640410757435,1027,AB1 3RT,AB1  3RT,AB1 3RT,198001,199606,0,395952,0805059,1,S00089115,S99999999,S12000033,S13002846,S08000020,S92000003,S14000002,S15000001,S09000001,S22000047,S03000012,S31000944,S99999999,S01006636,S02001258,S34003062,S03000012,S99999999,S99999999,1,7A1,57.13642,-2.068514,S99999999,S99999999,S23000009,675,S99999999,S99999999,S99999999,S99999999,S99999999
-2.069349012,57.136700086054113,1028,AB1 3RU,AB1  3RU,AB1 3RU,198001,199606,0,395902,0805092,1,S00089110,S99999999,S12000033,S13002846,S08000020,S92000003,S14000002,S15000001,S09000001,S22000047,S03000012,S31000944,S99999999,S01006631,S02001258,S34003116,S03000012,S99999999,S99999999,1,7A1,57.136716,-2.069341,S99999999,S99999999,S23000009,1497,S99999999,S99999999,S99999999,S99999999,S99999999
-2.069481824,57.137050349203193,1029,AB1 3RX,AB1  3RX,AB1 3RX,198001,199606,0,395894,0805131,1,S00089111,S99999999,S12000033,S13002846,S08000020,S92000003,S14000002,S15000001,S09000001,S22000047,S03000012,S31000944,S99999999,S01006631,S02001258,S34003062,S03000012,S99999999,S99999999,1,7A1,57.137066,-2.069473,S99999999,S99999999,S23000009,1497,S99999999,S99999999,S99999999,S99999999,S99999999
-2.082125061,57.131553978371116,1030,AB1 3RY,AB1  3RY,AB1 3RY,198001,199606,0,395128,0804520,1,S00089088,S99999999,S12000033,S13002846,S08000020,S92000003,S14000002,S15000001,S09000001,S22000047,S03000012,S31000944,S99999999,S01006633,S02001258,S34003135,S03000012,S99999999,S99999999,1,7A1,57.13157,-2.082117,S99999999,S99999999,S23000009,1122,S99999999,S99999999,S99999999,S99999999,S99999999
-2.081597299,57.131940596913402,1031,AB1 3RZ,AB1  3RZ,AB1 3RZ,198001,199606,0,395160,0804563,1,S00089088,S99999999,S12000033,S13002846,S08000020,S92000003,S14000002,S15000001,S09000001,S22000047,S03000012,S31000944,S99999999,S01006633,S02001258,S34003135,S03000012,S99999999,S99999999,1,7A1,57.131956,-2.081589,S99999999,S99999999,S23000009,1122,S99999999,S99999999,S99999999,S99999999,S99999999
-2.081876871,57.131365499148977,1032,AB1 3SA,AB1  3SA,AB1 3SA,198001,199606,0,395143,0804499,1,S00089091,S99999999,S12000033,S13002846,S08000020,S92000003,S14000002,S15000001,S09000001,S22000047,S03000012,S31000944,S99999999,S01006633,S02001258,S34003135,S03000012,S99999999,S99999999,1,7A1,57.131381,-2.081869,S99999999,S99999999,S23000009,1122,S99999999,S99999999,S99999999,S99999999,S99999999
-2.071263312,57.135567136559779,1033,AB1 3SB,AB1  3SB,AB1 3SB,198001,199606,0,395786,0804966,1,S00089114,S99999999,S12000033,S13002846,S08000020,S92000003,S14000002,S15000001,S09000001,S22000047,S03000012,S31000944,S99999999,S01006631,S02001258,S34003116,S03000012,S99999999,S99999999,1,7C2,57.135583,-2.071255,S99999999,S99999999,S23000009,1497,S99999999,S99999999,S99999999,S99999999,S99999999
-2.079599045,57.132193421602025,1034,AB1 3SD,AB1  3SD,AB1 3SD,198001,199606,0,395281,0804591,1,S00089090,S99999999,S12000033,S13002846,S08000020,S92000003,S14000002,S15000001,S09000001,S22000047,S03000012,S31000944,S99999999,S01006633,S02001258,S34003135,S03000012,S99999999,S99999999,1,7A1,57.132209,-2.079591,S99999999,S99999999,S23000009,1122,S99999999,S99999999,S99999999,S99999999,S99999999
-2.078195378,57.132409908448253,1035,AB1 3SE,AB1  3SE,AB1 3SE,198001,199606,0,395366,0804615,1,S00089090,S99999999,S12000033,S13002846,S08000020,S92000003,S14000002,S15000001,S09000001,S22000047,S03000012,S31000944,S99999999,S01006633,S02001258,S34003135,S03000012,S99999999,S99999999,1,7A1,57.132425,-2.078187,S99999999,S99999999,S23000009,1122,S99999999,S99999999,S99999999,S99999999,S99999999
-2.070932363,57.135279870227919,1036,AB1 3SF,AB1  3SF,AB1 3SF,198001,199606,0,395806,0804934,1,S00089116,S99999999,S12000033,S13002846,S08000020,S92000003,S14000002,S15000001,S09000001,S22000047,S03000012,S31000944,S99999999,S01006636,S02001258,S34003116,S03000012,S99999999,S99999999,1,7B1,57.135295,-2.070924,S99999999,S99999999,S23000009,675,S99999999,S99999999,S99999999,S99999999,S99999999
-2.080276343,57.132201967527699,1037,AB1 3SH,AB1  3SH,AB1 3SH,198001,199606,0,395240,0804592,1,S00089090,S99999999,S12000033,S13002846,S08000020,S92000003,S14000002,S15000001,S09000001,S22000047,S03000012,S31000944,S99999999,S01006633,S02001258,S34003135,S03000012,S99999999,S99999999,1,7A1,57.132218,-2.080268,S99999999,S99999999,S23000009,1122,S99999999,S99999999,S99999999,S99999999,S99999999
-2.077701251,57.133110895571043,1038,AB1 3SJ,AB1  3SJ,AB1 3SJ,198001,199606,0,395396,0804693,1,S00089093,S99999999,S12000033,S13002846,S08000020,S92000003,S14000002,S15000001,S09000001,S22000047,S03000012,S31000944,S99999999,S01006633,S02001258,S34003135,S03000012,S99999999,S99999999,1,7A1,57.133126,-2.077693,S99999999,S99999999,S23000009,1122,S99999999,S99999999,S99999999,S99999999,S99999999
-2.075951243,57.133632997139358,1039,AB1 3SL,AB1  3SL,AB1 3SL,198001,199606,0,395502,0804751,1,S00089093,S99999999,S12000033,S13002846,S08000020,S92000003,S14000002,S15000001,S09000001,S22000047,S03000012,S31000944,S99999999,S01006633,S02001258,S34003135,S03000012,S99999999,S99999999,1,7A1,57.133649,-2.075943,S99999999,S99999999,S23000009,1122,S99999999,S99999999,S99999999,S99999999,S99999999
-2.076877458,57.134180389539914,1040,AB1 3SN,AB1  3SN,AB1 3SN,198001,199606,0,395446,0804812,1,S00089095,S99999999,S12000033,S13002846,S08000020,S92000003,S14000002,S15000001,S09000001,S22000047,S03000012,S31000944,S99999999,S01006635,S02001258,S34003142,S03000012,S99999999,S99999999,1,7B1,57.134196,-2.076869,S99999999,S99999999,S23000009,2055,S99999999,S99999999,S99999999,S99999999,S99999999
-2.075044449,57.134531852577418,1041,AB1 3SP,AB1  3SP,AB1 3SP,198001,199606,0,395557,0804851,1,S00089096,S99999999,S12000033,S13002846,S08000020,S92000003,S14000002,S15000001,S09000001,S22000047,S03000012,S31000944,S99999999,S01006634,S02001258,S34003142,S03000012,S99999999,S99999999,1,7A1,57.134547,-2.075036,S99999999,S99999999,S23000009,500,S99999999,S99999999,S99999999,S99999999,S99999999
-2.074136059,57.134640196539856,1042,AB1 3SQ,AB1  3SQ,AB1 3SQ,198001,199606,0,395612,0804863,1,S00089094,S99999999,S12000033,S13002846,S08000020,S92000003,S14000002,S15000001,S09000001,S22000047,S03000012,S31000944,S99999999,S01006634,S02001258,S34003142,S03000012,S99999999,S99999999,1,7A1,57.134656,-2.074128,S99999999,S99999999,S23000009,500,S99999999,S99999999,S99999999,S99999999,S99999999
-2.077699658,57.132338356302732,1043,AB1 3SR,AB1  3SR,AB1 3SR,198001,199606,0,395396,0804607,1,S00089091,S99999999,S12000033,S13002846,S08000020,S92000003,S14000002,S15000001,S09000001,S22000047,S03000012,S31000944,S99999999,S01006633,S02001258,S34003135,S03000012,S99999999,S99999999,1,7A1,57.132354,-2.077691,S99999999,S99999999,S23000009,1122,S99999999,S99999999,S99999999,S99999999,S99999999
-2.077273015,57.133730992156643,1044,AB1 3SS,AB1  3SS,AB1 3SS,198001,199606,0,395422,0804762,1,S00089089,S99999999,S12000033,S13002846,S08000020,S92000003,S14000002,S15000001,S09000001,S22000047,S03000012,S31000944,S99999999,S01006635,S02001258,S34003135,S03000012,S99999999,S99999999,1,7A3,57.133747,-2.077265,S99999999,S99999999,S23000009,2055,S99999999,S99999999,S99999999,S99999999,S99999999
-2.075769311,57.133525312405517,1045,AB1 3ST,AB1  3ST,AB1 3ST,198001,199606,0,395513,0804739,1,S00089093,S99999999,S12000033,S13002846,S08000020,S92000003,S14000002,S15000001,S09000001,S22000047,S03000012,S31000944,S99999999,S01006633,S02001258,S34003135,S03000012,S99999999,S99999999,1,7A1,57.133541,-2.075761,S99999999,S99999999,S23000009,1122,S99999999,S99999999,S99999999,S99999999,S99999999
-2.075290172,57.133489672781678,1046,AB1 3SU,AB1  3SU,AB1 3SU,198001,199606,0,395542,0804735,1,S00089093,S99999999,S12000033,S13002846,S08000020,S92000003,S14000002,S15000001,S09000001,S22000047,S03000012,S31000944,S99999999,S01006633,S02001258,S34003135,S03000012,S99999999,S99999999,1,7A1,57.133505,-2.075282,S99999999,S99999999,S23000009,1122,S99999999,S99999999,S99999999,S99999999,S99999999
-2.069808531,57.135037968468595,1047,AB1 3SW,AB1  3SW,AB1 3SW,198001,199606,0,395874,0804907,1,S00090595,S99999999,S12000033,S13002846,S08000020,S92000003,S14000002,S15000001,S09000001,S22000047,S03000012,S31000944,S99999999,S01006636,S02001258,S34003116,S03000012,S99999999,S99999999,1,7B1,57.135053,-2.0698,S99999999,S99999999,S23000009,675,S99999999,S99999999,S99999999,S99999999,S99999999
-2.073854902,57.134478670346368,1048,AB1 3SX,AB1  3SX,AB1 3SX,198001,199606,0,395629,0804845,1,S00089094,S99999999,S12000033,S13002846,S08000020,S92000003,S14000002,S15000001,S09000001,S22000047,S03000012,S31000944,S99999999,S01006634,S02001258,S34003142,S03000012,S99999999,S99999999,1,7A1,57.134494,-2.073847,S99999999,S99999999,S23000009,500,S99999999,S99999999,S99999999,S99999999,S99999999
-2.070071956,57.134552736198636,1049,AB1 3SY,AB1  3SY,AB1 3SY,198001,199606,0,395858,0804853,1,S00090596,S99999999,S12000033,S13002846,S08000020,S92000003,S14000002,S15000001,S09000001,S22000047,S03000012,S31000944,S99999999,S01006636,S02001258,S34003116,S03000012,S99999999,S99999999,1,7B1,57.134568,-2.070063,S99999999,S99999999,S23000009,675,S99999999,S99999999,S99999999,S99999999,S99999999
-2.079829036,57.131591410975808,1050,AB1 3TA,AB1  3TA,AB1 3TA,198001,199606,0,395267,0804524,1,S00089091,S99999999,S12000033,S13002846,S08000020,S92000003,S14000002,S15000001,S09000001,S22000047,S03000012,S31000944,S99999999,S01006633,S02001258,S34003135,S03000012,S99999999,S99999999,1,7A1,57.131607,-2.079821,S99999999,S99999999,S23000009,1122,S99999999,S99999999,S99999999,S99999999,S99999999
-2.074547395,57.133795545313596,1051,AB1 3TB,AB1  3TB,AB1 3TB,198001,199606,0,395587,0804769,1,S00089092,S99999999,S12000033,S13002846,S08000020,S92000003,S14000002,S15000001,S09000001,S22000047,S03000012,S31000944,S99999999,S01006634,S02001258,S34003142,S03000012,S99999999,S99999999,1,7A1,57.133811,-2.074539,S99999999,S99999999,S23000009,500,S99999999,S99999999,S99999999,S99999999,S99999999
-2.074942495,57.133103613852334,1052,AB1 3TD,AB1  3TD,AB1 3TD,198001,199606,0,395563,0804692,1,S00089112,S99999999,S12000033,S13002846,S08000020,S92000003,S14000002,S15000001,S09000001,S22000047,S03000012,S31000944,S99999999,S01006634,S02001258,S34003116,S03000012,S99999999,S99999999,1,7B1,57.133119,-2.074934,S99999999,S99999999,S23000009,500,S99999999,S99999999,S99999999,S99999999,S99999999
-2.072237934,57.135521655842503,1053,AB1 3TE,AB1  3TE,AB1 3TE,198001,199606,0,395727,0804961,1,S00089114,S99999999,S12000033,S13002846,S08000020,S92000003,S14000002,S15000001,S09000001,S22000047,S03000012,S31000944,S99999999,S01006631,S02001258,S34003116,S03000012,S99999999,S99999999,1,7C2,57.135537,-2.07223,S99999999,S99999999,S23000009,1497,S99999999,S99999999,S99999999,S99999999,S99999999
-2.080738529,57.132039972754306,1054,AB1 3TF,AB1  3TF,AB1 3TF,198410,199606,0,395212,0804574,1,S00089088,S99999999,S12000033,S13002846,S08000020,S92000003,S14000002,S15000001,S09000001,S22000047,S03000012,S31000944,S99999999,S01006633,S02001258,S34003135,S03000012,S99999999,S99999999,1,7A1,57.132056,-2.08073,S99999999,S99999999,S23000009,1122,S99999999,S99999999,S99999999,S99999999,S99999999
-2.06815877,57.136296512014901,1055,AB1 3TH,AB1  3TH,AB1 3TH,198001,199606,0,395974,0805047,1,S00089115,S99999999,S12000033,S13002846,S08000020,S92000003,S14000002,S15000001,S09000001,S22000047,S03000012,S31000944,S99999999,S01006636,S02001258,S34003062,S03000012,S99999999,S99999999,1,7A1,57.136312,-2.06815,S99999999,S99999999,S23000009,675,S99999999,S99999999,S99999999,S99999999,S99999999
-2.068092184,57.136018074859777,1056,AB1 3TJ,AB1  3TJ,AB1 3TJ,198001,199606,0,395978,0805016,1,S00089115,S99999999,S12000033,S13002846,S08000020,S92000003,S14000002,S15000001,S09000001,S22000047,S03000012,S31000944,S99999999,S01006636,S02001258,S34003062,S03000012,S99999999,S99999999,1,7A1,57.136034,-2.068084,S99999999,S99999999,S23000009,675,S99999999,S99999999,S99999999,S99999999,S99999999
-2.069231243,57.13554134243595,1057,AB1 3TL,AB1  3TL,AB1 3TL,198001,199606,0,395909,0804963,1,S00089116,S99999999,S12000033,S13002846,S08000020,S92000003,S14000002,S15000001,S09000001,S22000047,S03000012,S31000944,S99999999,S01006636,S02001258,S34003116,S03000012,S99999999,S99999999,1,7B1,57.135557,-2.069223,S99999999,S99999999,S23000009,675,S99999999,S99999999,S99999999,S99999999,S99999999
-2.067928927,57.137105109665171,1058,AB1 3TN,AB1  3TN,AB1 3TN,198001,199606,0,395988,0805137,1,S00089111,S99999999,S12000033,S13002846,S08000020,S92000003,S14000002,S15000001,S09000001,S22000047,S03000012,S31000944,S99999999,S01006631,S02001258,S34003062,S03000012,S99999999,S99999999,1,7A1,57.137121,-2.06792,S99999999,S99999999,S23000009,1497,S99999999,S99999999,S99999999,S99999999,S99999999
-2.066656426,57.136908172269003,1059,AB1 3TP,AB1  3TP,AB1 3TP,198001,199606,0,396065,0805115,1,S00089115,S99999999,S12000033,S13002846,S08000020,S92000003,S14000002,S15000001,S09000001,S22000047,S03000012,S31000944,S99999999,S01006636,S02001258,S34003062,S03000012,S99999999,S99999999,1,7A1,57.136924,-2.066648,S99999999,S99999999,S23000009,675,S99999999,S99999999,S99999999,S99999999,S99999999
-2.076279983,57.132815339701132,1060,AB1 3TQ,AB1  3TQ,AB1 3TQ,198001,199606,0,395482,0804660,1,S00089092,S99999999,S12000033,S13002846,S08000020,S92000003,S14000002,S15000001,S09000001,S22000047,S03000012,S31000944,S99999999,S01006634,S02001258,S34003142,S03000012,S99999999,S99999999,1,7A1,57.132831,-2.076272,S99999999,S99999999,S23000009,500,S99999999,S99999999,S99999999,S99999999,S99999999
-2.072602541,57.136123304633799,1061,AB1 3TR,AB1  3TR,AB1 3TR,198001,199606,0,395705,0805028,1,S00089114,S99999999,S12000033,S13002846,S08000020,S92000003,S14000002,S15000001,S09000001,S22000047,S03000012,S31000944,S99999999,S01006631,S02001258,S34003116,S03000012,S99999999,S99999999,1,7C2,57.136139,-2.072594,S99999999,S99999999,S23000009,1497,S99999999,S99999999,S99999999,S99999999,S99999999
-2.069756882,57.133906136757957,1062,AB1 3TS,AB1  3TS,AB1 3TS,198001,199606,0,395877,0804781,1,S00090466,S99999999,S12000033,S13002846,S08000020,S92000003,S14000002,S15000001,S09000001,S22000047,S03000012,S31000944,S99999999,S01006636,S02001258,S34003116,S03000012,S99999999,S99999999,1,7B1,57.133922,-2.069748,S99999999,S99999999,S23000009,675,S99999999,S99999999,S99999999,S99999999,S99999999
-2.068616889,57.133834910779676,1063,AB1 3TT,AB1  3TT,AB1 3TT,198001,199606,0,395946,0804773,1,S00089117,S99999999,S12000033,S13002846,S08000020,S92000003,S14000002,S15000001,S09000001,S22000047,S03000012,S31000944,S99999999,S01006634,S02001258,S34003116,S03000012,S99999999,S99999999,1,7B1,57.13385,-2.068608,S99999999,S99999999,S23000009,500,S99999999,S99999999,S99999999,S99999999,S99999999
-2.067893803,57.135946319207527,1064,AB1 3TU,AB1  3TU,AB1 3TU,198001,199606,0,395990,0805008,1,S00089121,S99999999,S12000033,S13002847,S08000020,S92000003,S14000002,S15000001,S09000001,S22000047,S03000012,S31000944,S99999999,S01006623,S02001256,S34003062,S03000012,S99999999,S99999999,1,7A1,57.135962,-2.067885,S99999999,S99999999,S23000009,3012,S99999999,S99999999,S99999999,S99999999,S99999999
-2.071790824,57.134964968956446,1065,AB1 3TW,AB1  3TW,AB1 3TW,198001,199606,0,395754,0804899,1,S00089112,S99999999,S12000033,S13002846,S08000020,S92000003,S14000002,S15000001,S09000001,S22000047,S03000012,S31000944,S99999999,S01006634,S02001258,S34003116,S03000012,S99999999,S99999999,1,7B1,57.13498,-2.071782,S99999999,S99999999,S23000009,500,S99999999,S99999999,S99999999,S99999999,S99999999
-2.071426683,57.134596875969073,1066,AB1 3TX,AB1  3TX,AB1 3TX,198001,199606,0,395776,0804858,1,S00089113,S99999999,S12000033,S13002846,S08000020,S92000003,S14000002,S15000001,S09000001,S22000047,S03000012,S31000944,S99999999,S01006636,S02001258,S34003116,S03000012,S99999999,S99999999,1,7D4,57.134612,-2.071418,S99999999,S99999999,S23000009,675,S99999999,S99999999,S99999999,S99999999,S99999999
-2.070814802,57.134255873119571,1067,AB1 3TY,AB1  3TY,AB1 3TY,198001,199606,0,395813,0804820,1,S00090467,S99999999,S12000033,S13002846,S08000020,S92000003,S14000002,S15000001,S09000001,S22000047,S03000012,S31000944,S99999999,S01006636,S02001258,S34003116,S03000012,S99999999,S99999999,1,7B1,57.134271,-2.070806,S99999999,S99999999,S23000009,675,S99999999,S99999999,S99999999,S99999999,S99999999
-2.08089009,57.133387327068796,1068,AB1 3YA,AB1  3YA,AB1 3YA,199512,199606,1,395203,0804724,6,S00089080,S99999999,S12000033,S13002846,S08000020,S92000003,S14000002,S15000001,S09000001,S22000047,S03000012,S31000943,S99999999,S01006632,S02001258,S34003128,S03000012,S99999999,S99999999,1,7B1,57.133403,-2.080882,S99999999,S99999999,S23000009,1317,S99999999,S99999999,S99999999,S99999999,S99999999
-2.08089009,57.133387327068796,1069,AB1 3YB,AB1  3YB,AB1 3YB,199512,199512,1,395203,0804724,8,S00089080,S99999999,S12000033,S13002846,S08000020,S92000003,S14000002,S15000001,S09000001,S22000047,S03000012,S31000943,S99999999,S01006632,S02001258,S34003128,S03000012,S99999999,S99999999,1,7B1,57.133403,-2.080882,S99999999,S99999999,S23000009,1317,S99999999,S99999999,S99999999,S99999999,S99999999
-2.081657335,57.136782404410809,1070,AB1 3YE,AB1  3YE,AB1 3YE,199512,199512,1,395157,0805102,6,S00089071,S99999999,S12000033,S13002846,S08000020,S92000003,S14000002,S15000001,S09000001,S22000047,S03000012,S31000943,S99999999,S01006627,S02001257,S34003128,S03000012,S99999999,S99999999,1,7B1,57.136798,-2.081649,S99999999,S99999999,S23000009,1343,S99999999,S99999999,S99999999,S99999999,S99999999
-2.090675134,57.128763283718925,1071,AB1 4AA,AB1  4AA,AB1 4AA,198001,199606,0,394610,0804210,8,S00089122,S99999999,S12000033,S13002846,S08000020,S92000003,S14000002,S15000001,S09000001,S22000047,S03000012,S31000944,S99999999,S01006630,S02001257,S34002980,S03000012,S99999999,S99999999,1,7B1,57.128779,-2.090667,S99999999,S99999999,S23000009,1599,S99999999,S99999999,S99999999,S99999999,S99999999
-2.094982694,57.127349730190851,1072,AB1 4AB,AB1  4AB,AB1 4AB,198001,199606,0,394349,0804053,1,S00089121,S99999999,S12000033,S13002847,S08000020,S92000003,S14000002,S15000001,S09000001,S22000047,S03000012,S31000944,S99999999,S01006623,S02001256,S34000011,S03000012,S99999999,S99999999,1,7A1,57.127365,-2.094975,S99999999,S99999999,S23000009,3012,S99999999,S99999999,S99999999,S99999999,S99999999
-2.094848995,57.126730005674787,1073,AB1 4AD,AB1  4AD,AB1 4AD,198001,199606,0,394357,0803984,1,S00090597,S99999999,S12000033,S13002847,S08000020,S92000003,S14000002,S15000001,S09000001,S22000047,S03000012,S31000944,S99999999,S01006623,S02001256,S34000044,S03000012,S99999999,S99999999,1,7B1,57.126746,-2.094841,S99999999,S99999999,S23000009,3012,S99999999,S99999999,S99999999,S99999999,S99999999
-2.096540123,57.122794149099533,1074,AB1 4AE,AB1  4AE,AB1 4AE,198001,199606,0,394254,0803546,1,S00090597,S99999999,S12000033,S13002847,S08000020,S92000003,S14000002,S15000001,S09000001,S22000047,S03000012,S31000944,S99999999,S01006623,S02001256,S34000043,S03000012,S99999999,S99999999,1,7B1,57.12281,-2.096532,S99999999,S99999999,S23000009,3012,S99999999,S99999999,S99999999,S99999999,S99999999
-2.094670588,57.128032676258151,1075,AB1 4AF,AB1  4AF,AB1 4AF,198011,199606,0,394368,0804129,1,S00089121,S99999999,S12000033,S13002847,S08000020,S92000003,S14000002,S15000001,S09000001,S22000047,S03000012,S31000944,S99999999,S01006623,S02001256,S34000011,S03000012,S99999999,S99999999,1,7A1,57.128048,-2.094663,S99999999,S99999999,S23000009,3012,S99999999,S99999999,S99999999,S99999999,S99999999
-2.095399971,57.122552487622755,1076,AB1 4AG,AB1  4AG,AB1 4AG,199402,199606,0,394323,0803519,1,S00090597,S99999999,S12000033,S13002847,S08000020,S92000003,S14000002,S15000001,S09000001,S22000047,S03000012,S31000944,S99999999,S01006623,S02001256,S34000043,S03000012,S99999999,S99999999,1,7B1,57.122568,-2.095392,S99999999,S99999999,S23000009,3012,S99999999,S99999999,S99999999,S99999999,S99999999
-2.096840261,57.123907808242187,1077,AB1 4AH,AB1  4AH,AB1 4AH,198001,199606,0,394236,0803670,1,S00090597,S99999999,S12000033,S13002847,S08000020,S92000003,S14000002,S15000001,S09000001,S22000047,S03000012,S31000944,S99999999,S01006623,S02001256,S34003042,S03000012,S99999999,S99999999,1,7B1,57.123923,-2.096832,S99999999,S99999999,S23000009,3012,S99999999,S99999999,S99999999,S99999999,S99999999
-2.099171367,57.124822236540673,1078,AB1 4AJ,AB1  4AJ,AB1 4AJ,198001,199606,0,394095,0803772,1,S00090597,S99999999,S12000033,S13002847,S08000020,S92000003,S14000002,S15000001,S09000001,S22000047,S03000012,S31000944,S99999999,S01006623,S02001256,S34003042,S03000012,S99999999,S99999999,1,7B1,57.124838,-2.099163,S99999999,S99999999,S23000009,3012,S99999999,S99999999,S99999999,S99999999,S99999999
-2.094361221,57.123227005843567,1079,AB1 4AL,AB1  4AL,AB1 4AL,198001,199606,0,394386,0803594,1,S00090597,S99999999,S12000033,S13002847,S08000020,S92000003,S14000002,S15000001,S09000001,S22000047,S03000012,S31000944,S99999999,S01006623,S02001256,S34000043,S03000012,S99999999,S99999999,1,7B1,57.123243,-2.094353,S99999999,S99999999,S23000009,3012,S99999999,S99999999,S99999999,S99999999,S99999999
-2.094834865,57.121124621021885,1080,AB1 4AN,AB1  4AN,AB1 4AN,198001,199606,0,394357,0803360,1,S00090597,S99999999,S12000033,S13002847,S08000020,S92000003,S14000002,S15000001,S09000001,S22000047,S03000012,S31000944,S99999999,S01006623,S02001256,S34000045,S03000012,S99999999,S99999999,1,7B1,57.12114,-2.094827,S99999999,S99999999,S23000009,3012,S99999999,S99999999,S99999999,S99999999,S99999999
-2.097253568,57.12406918,1081,AB1 4AP,AB1  4AP,AB1 4AP,198001,199606,0,394211,0803688,1,S00090597,S99999999,S12000033,S13002847,S08000020,S92000003,S14000002,S15000001,S09000001,S22000047,S03000012,S31000944,S99999999,S01006623,S02001256,S34003042,S03000012,S99999999,S99999999,1,7B1,57.124085,-2.097245,S99999999,S99999999,S23000009,3012,S99999999,S99999999,S99999999,S99999999,S99999999
-2.097156865,57.12499450424189,1082,AB1 4AQ,AB1  4AQ,AB1 4AQ,198001,199606,0,394217,0803791,1,S00090597,S99999999,S12000033,S13002847,S08000020,S92000003,S14000002,S15000001,S09000001,S22000047,S03000012,S31000944,S99999999,S01006623,S02001256,S34003042,S03000012,S99999999,S99999999,1,7B1,57.12501,-2.097149,S99999999,S99999999,S23000009,3012,S99999999,S99999999,S99999999,S99999999,S99999999
-2.093378109,57.126371800513056,1083,AB1 4AR,AB1  4AR,AB1 4AR,198001,199606,0,394446,0803944,1,S00090597,S99999999,S12000033,S13002847,S08000020,S92000003,S14000002,S15000001,S09000001,S22000047,S03000012,S31000944,S99999999,S01006623,S02001256,S34000044,S03000012,S99999999,S99999999,1,7B1,57.126387,-2.09337,S99999999,S99999999,S23000009,3012,S99999999,S99999999,S99999999,S99999999,S99999999
-2.095455032,57.124726333041444,1084,AB1 4AS,AB1  4AS,AB1 4AS,198001,199606,0,394320,0803761,1,S00090597,S99999999,S12000033,S13002847,S08000020,S92000003,S14000002,S15000001,S09000001,S22000047,S03000012,S31000944,S99999999,S01006623,S02001256,S34000044,S03000012,S99999999,S99999999,1,7B1,57.124742,-2.095447,S99999999,S99999999,S23000009,3012,S99999999,S99999999,S99999999,S99999999,S99999999
-2.075330319,57.128782539537617,1085,AB1 4AT,AB1  4AT,AB1 4AT,198001,199606,0,395539,0804211,1,S00089121,S99999999,S12000033,S13002847,S08000020,S92000003,S14000002,S15000001,S09000001,S22000047,S03000012,S31000944,S99999999,S01006623,S02001256,S34003142,S03000012,S99999999,S99999999,1,7A1,57.128798,-2.075322,S99999999,S99999999,S23000009,3012,S99999999,S99999999,S99999999,S99999999,S99999999
-2.092908215,57.123362845330071,1086,AB1 4AW,AB1  4AW,AB1 4AW,198001,199606,0,394474,0803609,1,S00090597,S99999999,S12000033,S13002847,S08000020,S92000003,S14000002,S15000001,S09000001,S22000047,S03000012,S31000944,S99999999,S01006623,S02001256,S34000043,S03000012,S99999999,S99999999,1,7B1,57.123378,-2.0929,S99999999,S99999999,S23000009,3012,S99999999,S99999999,S99999999,S99999999,S99999999
-2.072490534,57.129422029801404,1087,AB1 4AX,AB1  4AX,AB1 4AX,198001,199606,0,395711,0804282,1,S00089121,S99999999,S12000033,S13002847,S08000020,S92000003,S14000002,S15000001,S09000001,S22000047,S03000012,S31000944,S99999999,S01006623,S02001256,S34003142,S03000012,S99999999,S99999999,1,7A1,57.129438,-2.072482,S99999999,S99999999,S23000009,3012,S99999999,S99999999,S99999999,S99999999,S99999999
-2.074831349,57.127049115568802,1088,AB1 4AY,AB1  4AY,AB1 4AY,198001,199606,0,395569,0804018,1,S00089121,S99999999,S12000033,S13002847,S08000020,S92000003,S14000002,S15000001,S09000001,S22000047,S03000012,S31000944,S99999999,S01006623,S02001256,S34003142,S03000012,S99999999,S99999999,1,7A1,57.127065,-2.074823,S99999999,S99999999,S23000009,3012,S99999999,S99999999,S99999999,S99999999,S99999999
-2.089548321,57.127245974019203,1089,AB1 4AZ,AB1  4AZ,AB1 4AZ,199406,199606,0,394678,0804041,1,S00089121,S99999999,S12000033,S13002847,S08000020,S92000003,S14000002,S15000001,S09000001,S22000047,S03000012,S31000944,S99999999,S01006623,S02001256,S34003154,S03000012,S99999999,S99999999,1,7A1,57.127262,-2.08954,S99999999,S99999999,S23000009,3012,S99999999,S99999999,S99999999,S99999999,S99999999
-2.089692676,57.125440284566302,1090,AB1 4BB,AB1  4BB,AB1 4BB,198001,199606,0,394669,0803840,1,S00089121,S99999999,S12000033,S13002847,S08000020,S92000003,S14000002,S15000001,S09000001,S22000047,S03000012,S31000944,S99999999,S01006623,S02001256,S34000013,S03000012,S99999999,S99999999,1,7A1,57.125456,-2.089684,S99999999,S99999999,S23000009,3012,S99999999,S99999999,S99999999,S99999999,S99999999
-2.0903753,57.12083150044905,1091,AB1 4BD,AB1  4BD,AB1 4BD,198001,199606,0,394627,0803327,1,S00090597,S99999999,S12000033,S13002847,S08000020,S92000003,S14000002,S15000001,S09000001,S22000047,S03000012,S31000944,S99999999,S01006623,S02001256,S34000045,S03000012,S99999999,S99999999,1,7B1,57.120847,-2.090367,S99999999,S99999999,S23000009,3012,S99999999,S99999999,S99999999,S99999999,S99999999
-2.09173156,57.121692877812706,1092,AB1 4BE,AB1  4BE,AB1 4BE,198001,199606,0,394545,0803423,1,S00090597,S99999999,S12000033,S13002847,S08000020,S92000003,S14000002,S15000001,S09000001,S22000047,S03000012,S31000944,S99999999,S01006623,S02001256,S34000045,S03000012,S99999999,S99999999,1,7B1,57.121708,-2.091723,S99999999,S99999999,S23000009,3012,S99999999,S99999999,S99999999,S99999999,S99999999
-2.081068426,57.124134692779784,1093,AB1 4BG,AB1  4BG,AB1 4BG,198001,199606,0,395191,0803694,1,S00089121,S99999999,S12000033,S13002847,S08000020,S92000003,S14000002,S15000001,S09000001,S22000047,S03000012,S31000944,S99999999,S01006623,S02001256,S34003048,S03000012,S99999999,S99999999,1,7A1,57.12415,-2.08106,S99999999,S99999999,S23000009,3012,S99999999,S99999999,S99999999,S99999999,S99999999
-2.087855249,57.11658433077686,1094,AB1 4BH,AB1  4BH,AB1 4BH,199512,199606,0,394779,0802854,1,S00089120,S99999999,S12000033,S13002847,S08000020,S92000003,S14000002,S15000001,S09000001,S22000047,S03000012,S31000946,S99999999,S01006623,S02001256,S34003036,S03000012,S99999999,S99999999,1,6B4,57.1166,-2.087847,S99999999,S99999999,S23000009,3012,S99999999,S99999999,S99999999,S99999999,S99999999
-2.08909601,57.124560378530447,1095,AB1 4BJ,AB1  4BJ,AB1 4BJ,198001,199606,0,394705,0803742,1,S00089121,S99999999,S12000033,S13002847,S08000020,S92000003,S14000002,S15000001,S09000001,S22000047,S03000012,S31000944,S99999999,S01006623,S02001256,S34000013,S03000012,S99999999,S99999999,1,7A1,57.124576,-2.089088,S99999999,S99999999,S23000009,3012,S99999999,S99999999,S99999999,S99999999,S99999999
-2.087478026,57.096408632879026,1096,AB1 4BL,AB1  4BL,AB1 4BL,199512,199512,0,394799,0800608,1,S00090863,S99999999,S12000033,S13002847,S08000020,S92000003,S14000002,S15000001,S09000001,S22000047,S03000012,S31000947,S99999999,S01006614,S02001255,S34003043,S03000012,S99999999,S99999999,1,6B2,57.096424,-2.087469,S99999999,S99999999,S23000009,6585,S99999999,S99999999,S99999999,S99999999,S99999999
-2.088702147,57.125629639447006,1097,AB1 4BN,AB1  4BN,AB1 4BN,198001,199606,0,394729,0803861,1,S00089121,S99999999,S12000033,S13002847,S08000020,S92000003,S14000002,S15000001,S09000001,S22000047,S03000012,S31000944,S99999999,S01006623,S02001256,S34000011,S03000012,S99999999,S99999999,1,7A1,57.125645,-2.088694,S99999999,S99999999,S23000009,3012,S99999999,S99999999,S99999999,S99999999,S99999999
-2.085713085,57.125802416888767,1098,AB1 4BP,AB1  4BP,AB1 4BP,198001,199512,0,394910,0803880,8,S00089121,S99999999,S12000033,S13002847,S08000020,S92000003,S14000002,S15000001,S09000001,S22000047,S03000012,S31000944,S99999999,S01006623,S02001256,S34003154,S03000012,S99999999,S99999999,1,7A1,57.125818,-2.085705,S99999999,S99999999,S23000009,3012,S99999999,S99999999,S99999999,S99999999,S99999999
-2.084375224,57.125785367484994,1099,AB1 4BQ,AB1  4BQ,AB1 4BQ,198001,199606,0,394991,0803878,1,S00089121,S99999999,S12000033,S13002847,S08000020,S92000003,S14000002,S15000001,S09000001,S22000047,S03000012,S31000944,S99999999,S01006623,S02001256,S34003048,S03000012,S99999999,S99999999,1,7A1,57.125801,-2.084367,S99999999,S99999999,S23000009,3012,S99999999,S99999999,S99999999,S99999999,S99999999
-2.079706757,57.128447430284616,1100,AB1 4BR,AB1  4BR,AB1 4BR,198001,199606,0,395274,0804174,1,S00089121,S99999999,S12000033,S13002847,S08000020,S92000003,S14000002,S15000001,S09000001,S22000047,S03000012,S31000944,S99999999,S01006623,S02001256,S34003154,S03000012,S99999999,S99999999,1,7A1,57.128463,-2.079698,S99999999,S99999999,S23000009,3012,S99999999,S99999999,S99999999,S99999999,S99999999
-2.079373553,57.12709120639439,1101,AB1 4BS,AB1  4BS,AB1 4BS,198001,199606,0,395294,0804023,1,S00089121,S99999999,S12000033,S13002847,S08000020,S92000003,S14000002,S15000001,S09000001,S22000047,S03000012,S31000944,S99999999,S01006623,S02001256,S34003142,S03000012,S99999999,S99999999,1,7A1,57.127107,-2.079365,S99999999,S99999999,S23000009,3012,S99999999,S99999999,S99999999,S99999999,S99999999
-2.086539501,57.126062350935875,1102,AB1 4BT,AB1  4BT,AB1 4BT,198001,199606,0,394860,0803909,1,S00089121,S99999999,S12000033,S13002847,S08000020,S92000003,S14000002,S15000001,S09000001,S22000047,S03000012,S31000944,S99999999,S01006623,S02001256,S34003154,S03000012,S99999999,S99999999,1,7A1,57.126078,-2.086531,S99999999,S99999999,S23000009,3012,S99999999,S99999999,S99999999,S99999999,S99999999
-2.088518611,57.096776207774354,1103,AB1 4BU,AB1  4BU,AB1 4BU,199512,199606,0,394736,0800649,1,S00090862,S99999999,S12000033,S13002847,S08000020,S92000003,S14000002,S15000001,S09000001,S22000047,S03000012,S31000947,S99999999,S01006616,S02001255,S34003043,S03000012,S99999999,S99999999,1,6B3,57.096792,-2.088509,S99999999,S99999999,S23000009,6277,S99999999,S99999999,S99999999,S99999999,S99999999
-2.088137168,57.095985964836018,1104,AB1 4BW,AB1  4BW,AB1 4BW,199512,199512,0,394759,0800561,1,S00090863,S99999999,S12000033,S13002847,S08000020,S92000003,S14000002,S15000001,S09000001,S22000047,S03000012,S31000947,S99999999,S01006614,S02001255,S34003043,S03000012,S99999999,S99999999,1,6B2,57.096002,-2.088128,S99999999,S99999999,S23000009,6585,S99999999,S99999999,S99999999,S99999999,S99999999
-2.091602517,57.09584872869182,1105,AB1 4BX,AB1  4BX,AB1 4BX,199512,199606,0,394549,0800546,1,S00090864,S99999999,S12000033,S13002847,S08000020,S92000003,S14000002,S15000001,S09000001,S22000047,S03000012,S31000947,S99999999,S01006614,S02001255,S34003043,S03000012,S99999999,S99999999,1,6B1,57.095864,-2.091593,S99999999,S99999999,S23000009,6585,S99999999,S99999999,S99999999,S99999999,S99999999
-2.090248153,57.095391575116579,1106,AB1 4BY,AB1  4BY,AB1 4BY,199512,199606,0,394631,0800495,1,S00090865,S99999999,S12000033,S13002847,S08000020,S92000003,S14000002,S15000001,S09000001,S22000047,S03000012,S31000947,S99999999,S01006614,S02001255,S34003043,S03000012,S99999999,S99999999,1,5A1,57.095407,-2.090239,S99999999,S99999999,S23000009,6585,S99999999,S99999999,S99999999,S99999999,S99999999
-2.090924274,57.095184474093259,1107,AB1 4BZ,AB1  4BZ,AB1 4BZ,199512,199606,0,394590,0800472,1,S00090865,S99999999,S12000033,S13002847,S08000020,S92000003,S14000002,S15000001,S09000001,S22000047,S03000012,S31000947,S99999999,S01006614,S02001255,S34003043,S03000012,S99999999,S99999999,1,5A1,57.0952,-2.090915,S99999999,S99999999,S23000009,6585,S99999999,S99999999,S99999999,S99999999,S99999999
-2.091031784,57.119142213397339,1108,AB1 4DA,AB1  4DA,AB1 4DA,199409,199606,0,394587,0803139,1,S00089121,S99999999,S12000033,S13002847,S08000020,S92000003,S14000002,S15000001,S09000001,S22000047,S03000012,S31000944,S99999999,S01006623,S02001256,S34003048,S03000012,S99999999,S99999999,1,7A1,57.119158,-2.091023,S99999999,S99999999,S23000009,3012,S99999999,S99999999,S99999999,S99999999,S99999999
-2.091199332,57.120139206411388,1109,AB1 4DB,AB1  4DB,AB1 4DB,198101,199606,0,394577,0803250,1,S00090597,S99999999,S12000033,S13002847,S08000020,S92000003,S14000002,S15000001,S09000001,S22000047,S03000012,S31000944,S99999999,S01006623,S02001256,S34000045,S03000012,S99999999,S99999999,1,7B1,57.120155,-2.091191,S99999999,S99999999,S23000009,3012,S99999999,S99999999,S99999999,S99999999,S99999999
-2.09135813,57.117525029826943,1110,AB1 4DD,AB1  4DD,AB1 4DD,198001,199606,0,394567,0802959,1,S00089119,S99999999,S12000033,S13002847,S08000020,S92000003,S14000002,S15000001,S09000001,S22000047,S03000012,S31000946,S99999999,S01006608,S02001254,S34003048,S03000012,S99999999,S99999999,1,6A3,57.117541,-2.09135,S99999999,S99999999,S23000009,5354,S99999999,S99999999,S99999999,S99999999,S99999999
-2.092200979,57.11781186569705,1111,AB1 4DE,AB1  4DE,AB1 4DE,198001,199606,0,394516,0802991,1,S00089119,S99999999,S12000033,S13002847,S08000020,S92000003,S14000002,S15000001,S09000001,S22000047,S03000012,S31000946,S99999999,S01006608,S02001254,S34003048,S03000012,S99999999,S99999999,1,6A3,57.117827,-2.092192,S99999999,S99999999,S23000009,5354,S99999999,S99999999,S99999999,S99999999,S99999999
-2.090653727,57.119870114302856,1112,AB1 4DF,AB1  4DF,AB1 4DF,198001,199606,0,394610,0803220,8,S00090597,S99999999,S12000033,S13002847,S08000020,S92000003,S14000002,S15000001,S09000001,S22000047,S03000012,S31000944,S99999999,S01006623,S02001256,S34000045,S03000012,S99999999,S99999999,1,7B1,57.119886,-2.090645,S99999999,S99999999,S23000009,3012,S99999999,S99999999,S99999999,S99999999,S99999999
-2.083057708,57.097588436251783,1113,AB1 4DG,AB1  4DG,AB1 4DG,199405,199606,0,395067,0800739,1,S00090849,S99999999,S12000033,S13002847,S08000020,S92000003,S14000002,S15000001,S09000001,S22000047,S03000012,S31000947,S99999999,S01006616,S02001255,S34003144,S03000012,S99999999,S99999999,1,8B1,57.097604,-2.083048,S99999999,S99999999,S23000009,6277,S99999999,S99999999,S99999999,S99999999,S99999999
-2.083882972,57.097614832169398,1114,AB1 4DH,AB1  4DH,AB1 4DH,199405,199606,0,395017,0800742,1,S00090866,S99999999,S12000033,S13002847,S08000020,S92000003,S14000002,S15000001,S09000001,S22000047,S03000012,S31000947,S99999999,S01006616,S02001255,S34003144,S03000012,S99999999,S99999999,1,6B2,57.09763,-2.083874,S99999999,S99999999,S23000009,6277,S99999999,S99999999,S99999999,S99999999,S99999999
-2.089362144,57.118388848572813,1115,AB1 4DJ,AB1  4DJ,AB1 4DJ,198001,199606,0,394688,0803055,1,S00089121,S99999999,S12000033,S13002847,S08000020,S92000003,S14000002,S15000001,S09000001,S22000047,S03000012,S31000944,S99999999,S01006623,S02001256,S34003048,S03000012,S99999999,S99999999,1,7A1,57.118404,-2.089354,S99999999,S99999999,S23000009,3012,S99999999,S99999999,S99999999,S99999999,S99999999
-2.085236682,57.119631400841953,1116,AB1 4DL,AB1  4DL,AB1 4DL,198203,199606,0,394938,0803193,1,S00089121,S99999999,S12000033,S13002847,S08000020,S92000003,S14000002,S15000001,S09000001,S22000047,S03000012,S31000944,S99999999,S01006623,S02001256,S34003048,S03000012,S99999999,S99999999,1,7A1,57.119647,-2.085228,S99999999,S99999999,S23000009,3012,S99999999,S99999999,S99999999,S99999999,S99999999
-2.094413682,57.130970310921981,1117,AB1 4DN,AB1  4DN,AB1 4DN,198001,199606,0,394384,0804456,1,S00089122,S99999999,S12000033,S13002846,S08000020,S92000003,S14000002,S15000001,S09000001,S22000047,S03000012,S31000944,S99999999,S01006630,S02001257,S34002980,S03000012,S99999999,S99999999,1,7B1,57.130986,-2.094406,S99999999,S99999999,S23000009,1599,S99999999,S99999999,S99999999,S99999999,S99999999
-2.09262628,57.129597260879748,1118,AB1 4DP,AB1  4DP,AB1 4DP,198001,199606,0,394492,0804303,1,S00089122,S99999999,S12000033,S13002846,S08000020,S92000003,S14000002,S15000001,S09000001,S22000047,S03000012,S31000944,S99999999,S01006630,S02001257,S34002980,S03000012,S99999999,S99999999,1,7B1,57.129613,-2.092618,S99999999,S99999999,S23000009,1599,S99999999,S99999999,S99999999,S99999999,S99999999
-2.090841612,57.129302142126946,1119,AB1 4DQ,AB1  4DQ,AB1 4DQ,198001,199606,0,394600,0804270,8,S00089122,S99999999,S12000033,S13002846,S08000020,S92000003,S14000002,S15000001,S09000001,S22000047,S03000012,S31000944,S99999999,S01006630,S02001257,S34002980,S03000012,S99999999,S99999999,1,7B1,57.129318,-2.090834,S99999999,S99999999,S23000009,1599,S99999999,S99999999,S99999999,S99999999,S99999999
-2.090017003,57.129841723873959,1120,AB1 4DR,AB1  4DR,AB1 4DR,198001,199606,0,394650,0804330,8,S00089122,S99999999,S12000033,S13002846,S08000020,S92000003,S14000002,S15000001,S09000001,S22000047,S03000012,S31000944,S99999999,S01006630,S02001257,S34002980,S03000012,S99999999,S99999999,1,7B1,57.129857,-2.090009,S99999999,S99999999,S23000009,1599,S99999999,S99999999,S99999999,S99999999,S99999999
-2.090182615,57.130021263582741,1121,AB1 4DS,AB1  4DS,AB1 4DS,198001,199606,0,394640,0804350,8,S00089040,S99999999,S12000033,S13002846,S08000020,S92000003,S14000002,S15000001,S09000001,S22000047,S03000012,S31000944,S99999999,S01006629,S02001257,S34002980,S03000012,S99999999,S99999999,1,7B1,57.130037,-2.090175,S99999999,S99999999,S23000009,1283,S99999999,S99999999,S99999999,S99999999,S99999999
-2.086219051,57.130383405394298,1122,AB1 4DT,AB1  4DT,AB1 4DT,198001,199606,0,394880,0804390,8,S00089127,S99999999,S12000033,S13002846,S08000020,S92000003,S14000002,S15000001,S09000001,S22000047,S03000012,S31000944,S99999999,S01006630,S02001257,S34002980,S03000012,S99999999,S99999999,1,7A1,57.130399,-2.086211,S99999999,S99999999,S23000009,1599,S99999999,S99999999,S99999999,S99999999,S99999999
-2.085597973,57.096993834111643,1123,AB1 4DU,AB1  4DU,AB1 4DU,199405,199606,0,394913,0800673,1,S00090866,S99999999,S12000033,S13002847,S08000020,S92000003,S14000002,S15000001,S09000001,S22000047,S03000012,S31000947,S99999999,S01006616,S02001255,S34003144,S03000012,S99999999,S99999999,1,6B2,57.097009,-2.085589,S99999999,S99999999,S23000009,6277,S99999999,S99999999,S99999999,S99999999,S99999999
-2.085500757,57.097784412187053,1124,AB1 4DW,AB1  4DW,AB1 4DW,199405,199606,0,394919,0800761,1,S00090866,S99999999,S12000033,S13002847,S08000020,S92000003,S14000002,S15000001,S09000001,S22000047,S03000012,S31000947,S99999999,S01006616,S02001255,S34003144,S03000012,S99999999,S99999999,1,6B2,57.0978,-2.085491,S99999999,S99999999,S23000009,6277,S99999999,S99999999,S99999999,S99999999,S99999999
-2.088860093,57.129573068457404,1125,AB1 4DX,AB1  4DX,AB1 4DX,198001,199606,0,394720,0804300,8,S00089122,S99999999,S12000033,S13002846,S08000020,S92000003,S14000002,S15000001,S09000001,S22000047,S03000012,S31000944,S99999999,S01006630,S02001257,S34002980,S03000012,S99999999,S99999999,1,7B1,57.129589,-2.088852,S99999999,S99999999,S23000009,1599,S99999999,S99999999,S99999999,S99999999,S99999999
-2.086539907,57.097523188414293,1126,AB1 4DY,AB1  4DY,AB1 4DY,199405,199606,0,394856,0800732,1,S00090866,S99999999,S12000033,S13002847,S08000020,S92000003,S14000002,S15000001,S09000001,S22000047,S03000012,S31000947,S99999999,S01006616,S02001255,S34003144,S03000012,S99999999,S99999999,1,6B2,57.097539,-2.086531,S99999999,S99999999,S23000009,6277,S99999999,S99999999,S99999999,S99999999,S99999999
-2.085557905,57.13020420354799,1127,AB1 4EA,AB1  4EA,AB1 4EA,198001,199606,0,394920,0804370,8,S00089128,S99999999,S12000033,S13002846,S08000020,S92000003,S14000002,S15000001,S09000001,S22000047,S03000012,S31000944,S99999999,S01006630,S02001257,S34002980,S03000012,S99999999,S99999999,1,8C3,57.13022,-2.08555,S99999999,S99999999,S23000009,1599,S99999999,S99999999,S99999999,S99999999,S99999999
-2.08275159,57.131014580416441,1128,AB1 4EB,AB1  4EB,AB1 4EB,198001,199606,0,395090,0804460,8,S00089125,S99999999,S12000033,S13002846,S08000020,S92000003,S14000002,S15000001,S09000001,S22000047,S03000012,S31000944,S99999999,S01006633,S02001258,S34003154,S03000012,S99999999,S99999999,1,7C1,57.13103,-2.082743,S99999999,S99999999,S23000009,1122,S99999999,S99999999,S99999999,S99999999,S99999999
-2.080439003,57.131016102916504,1129,AB1 4ED,AB1  4ED,AB1 4ED,198001,199606,0,395230,0804460,8,S00089125,S99999999,S12000033,S13002846,S08000020,S92000003,S14000002,S15000001,S09000001,S22000047,S03000012,S31000944,S99999999,S01006633,S02001258,S34003154,S03000012,S99999999,S99999999,1,7C1,57.131032,-2.080431,S99999999,S99999999,S23000009,1122,S99999999,S99999999,S99999999,S99999999,S99999999
